y_true,y_pred,error_type,text_char_len,text_word_len,missing_text_fields,missing_cat_fields,title,company_profile,description,requirements,benefits,employment_type,required_experience,required_education,industry,function
1,0,FN,2283,311,0,0,Maintenance Specialist,"As the industry’s largest supply contracting company, Novation serves the purchasing needs of more than 65,000 VHA, UHC and Provista member organizations and their affilliates. Novation delivers unmatched supply savings and value through its sourcing services, as well as information and data services. Through its affiliation with VHA, UHC and Provista, Novation represents the largest purchasing volume in the industry more than $40 billion in annual purchases.To help our alliance members meet the needs of their communities, our mission is to deliver to them unmatched savings and value. One of the ways we deliver on our mission is by facilitating the introduction of products and services that are designed to help members drive sustainable results, improve quality and reduce costs.","ResponsibilitiesResponsibilities:Responsibilities:- Shipping and Receiving dock processing- Internal mail sorting and delivery- Special meeting set-up and tear down- Will be required to work in multiple facilities when needed- Plan and organize work for team of associates- Will perform other tasks as needed- Motivate associates to improve performance by developing and implementing innovative recognition ideas- Coach, train and develop associates- Manage service contracts and escalate concerns- Assist with writing and administering work reviews- Communicates progress of associates to supervisor and manager- Will perform other tasks as needed- Work with vendors on various initiatives and maintain an ongoing relationship when needed","Minimum Qualifications:- Effective computer skills (Word, Excel, and Outlook)- Proven ability to work with all levels of management- Effective communication skills (oral and written)- Ability to work independently- Experience with demonstrated leadership abilities and direct reports- Ability to balance multiple responsibilities simultaneously- Good team building skills- Basic analytical and mathematical skills- Strong decision making skills- Proven ability to manage and develop timelines","Compensation and BenefitsNOVATION  offers a competitive salary, a comprehensive selection of benefit options including 401(k).Conditions of EmploymentAll job offers are contingent upon succesful completion of credit and background checks.",Full-time,Entry level,High School or equivalent,Mechanical or Industrial Engineering,Engineering
1,0,FN,896,121,3,5,Admin Assistant\Urgently,,"The company is seeking an Admin assistant to join their team! As traineeship. Relevant on job training will be provided.  Position is Part- Time Start ASAP  Duties include:  Meet and greet clients  Preparing files  Receive phone calls  Receiving emails and reply emails from reception ( instructions will be given) The successful candidate will be able to demonstrate:-Excellent communication skills, Technical Contractual and Negotiating skills.-Knowledge of application software including Word, Excel and Outlook from the microsoft Office suite (2007).-Strong team based work ethic.-Thrives on challenges and is accountable.This job will be suitable for school leavers who are looking their career. If you are interested in applying for the position, please send resume with your full name and email to #EMAIL_bf7aada68f2ebd311c3cb873b1867e0c531121ccdc5392441c6cea7a5d852d06#",,,Unknown,Unknown,Unknown,Unknown,Unknown
0,1,FP,4485,598,1,5,Resident Services Coordinator (Part-Time),"MAC Property Management is dedicated to providing an exemplary living experience, the highest possible quality of service and a superior value for our residents.  It is important for us to preserve the environment, improve infrastructures, and enhance the beauty of our settings.  We are in the process of acquiring new properties in these existing markets as well as expanding to new markets across the country.  MAC Property Management, LLC is an Equal Opportunity Employer.","COMPANY DESCRIPTIONMAC Property Management leases and manages apartments.  MAC Property Management is dedicated to providing an exemplary living experience, the highest possible quality of service and a superior value for our residents.  We are committed to building better neighborhoods wherever we are, not only for our residents, but for the greater community. At MAC, it is important for us to preserve the environment, improve infrastructures, and enhance the beauty of our settings.  MAC Property Management currently serves apartment communities in the metropolitan areas of Chicago, Kansas City and St. Louis.  We are in the process of acquiring new properties in these existing markets as well as expanding to new markets across the country.  MAC Property Management, LLC is an Equal Housing Opportunity organization.JOB DESCRIPTIONThe Shoreland is a historic lakefront landmark hotel, newly restored to its original glamour as contemporary high-end rental residences.This is a Part-Time role with the following schedule:Wednesday: 2:30pm-11:00pmFriday: 2:30pm- 11:00pmSaturday: 2:30pm - 11:00pmOverall Responsibility:The Resident Service Coordinator is a key member of the property management team and will perform essential functions as they relate to the maintenance and accessibility of the building. Primary resident contact for all service related issues including; service work, maintenance projects, parcel receiving and building access. Essential Functions: Responsibilities for this position include, but are not limited to the following: Fulfill customer requestsPrevent solicitors from entering the buildingProcess marketing and resident account information in YardiKnow emergency key procedures (Key Track, key box locations, fireman elevator keys, lock-outs, etc.)Monitor CamerasWarmly greet residents and register guestsAnswer all incoming calls and handle accordingly using MAC telephone greeting standardsAccept and administer packages and distribute mail to resident’s boxesAssist residents with move-in and move-out procedures, including the  scheduling of elevator timeAssemble collateral packages for prospective residentsAssemble move-in packages for new residentsEnter service requests in Yardi and ensure they are assigned to the appropriate staff memberConduct follow-up calls for resident service requestsConduct courtesy calls to resident  (i.e. cabs, packages, deliveries)Be aware of MAC goals for resident satisfaction and resident retentionSchedule all pre-move out inspections assist residents with move-in process including walking of unit, lease paperwork, and follow-up resident contactConduct welcome and follow-up calls to all new move-ins to ensure resident satisfaction.Conduct pre-move out calls to confirm move-out dates and review MAC Property Management move-out procedures.Participate in ongoing resident relations including telephone calls and resident functions. Assist with resident concerns or related activities as requested by managementEnsure that the office, clubroom and models are in perfect condition. Clean, vacuum, and dust when needed. Physically inspect property when on grounds, pick up litter, and report any service needs to the maintenance staff.Allow access to residents when appropriate (buzzing them in)Announce all visitors / deliveries to residents when applicableAssist in answering leasing phone calls and respond with appropriate information when applicableAssist Property Manager or Assistant Properyt Manager in various tasks as requested","Bachelor’s Degree preferredMicrosoft Office Suite (Word, Excel, Outlook,etc) and internet navigationYardi Property Management experience preferredExceptional customer service and follow-through skillsOrganization skillsOutgoing personality – enjoys interaction with customersSelf-motivated and able  to work with limited supervisionAbility to set priorities, handle multiple tasks, and meet deadlinesStrong communication skills, both oral and written skills",,Unknown,Unknown,Unknown,Unknown,Unknown
1,0,FN,4795,631,0,0,Senior System Test Engineer,"NETGEAR and Aptitude Staffing Solutions have partnered up in an effort to streamline the hiring process and provide a more efficient and effective recruitng model.  Our focus is to help develop and achieve your career goals while makeing a solid geographical, cultural and professional fiit when leveraging your career into your new and exciting professional venture!  NETGEAR, Inc. (NASDAQGM: NTGR) designs innovative, branded technology solutions that address the specific networking, storage, and security needs of small- to medium-sized businesses and home users. The company offers an end-to-end networking product portfolio to enable users to share Internet access, peripherals, files, multimedia content, and applications among multiple computers and other Internet-enabled devices. Products are built on a variety of proven technologies such as wireless, Ethernet and powerline, with a focus on reliability and ease-of-use. NETGEAR products are sold in over 27,000 retail locations around the globe, and via more than 37,000 value-added resellers. The company's headquarters are in San Jose, Calif., with additional offices in 25 countries. Recruiting: #EMAIL_f4da338e899ddba983ac771b001681d1d2d93b3327ddc420a15f4e5a310071a9#  Media Inquiries: #EMAIL_1009f70bbfd3e2b05e1e73a998e14884ac7a09fe35b338b1f7f8767cf03effce# Investor Relations: #EMAIL_7ae15a228205094fb8cf58fbcb428394154f1c25f9629da4d54e091b86ce1037#","Senior System Test Engineer | San Jose, CAAs a member of the Service Provider Engineering team, you will be responsible for the design quality of DSL products with specific emphasis on IADs (VoIP).    Our DSL and Cable broadband products address Home Gateway, IPTV and Voice over IP (VoIP) services and are targeted at service providers.  These products will incorporate one or several of the following technologies:  DSL, PPPoX, DNS/DHCP, IP, SIP, IGMP, 802.11 Wireless, Ethernet, VPN, Firewalls, 3G / LTE.Job ResponsibilitiesMonitor and oversee the ODM quality processes and QA test, and verify test coverage.Work within the engineering development organization to verify the design quality of DSL products.Perform product testing to verify product performance and diagnose product defects.Perform verification and regression testing for bug fixes.  Log, track and drive to closure all bugs directly with overseas developers.Develop test plans from requirements and supervise QA testing both within our company and in overseas supplier’s labs.Set up and maintain in-house DSL, 3G / LTE, VoIP and IPTV Network test bedMonitor/Manage qualification of products with customers and understand customer requirements and test plans.Create additional test cases as required to cover customer’s requirements.Send regular Test Status Reports to product team with metrics to indicate overall test progress and product maturity.Provide input for manuals, help files, application notes and tech support web pagesSupport any 3rd level technical escalations from our technical support.Evaluate new products and reference designs.","Skills and RequirementsBS in Computer Science or Engineering. 5 years in QA or System Test in a lead role testing networking productsWell-versed in QA methodologies and Test Driven Development.Experience using test tools, such as Test Director, WinRunner, QAPartner, etc.Hands-on test capability, operate wired and mobile network test equipment, build test environments, troubleshoot networks and productsIn depth knowledge of VoIP (SIP, MGCP), for example can setup and configure Softswitch, perform voice quality testing etcStrong understanding of IP networking, TCP/IP, HTTP, FTP, DNS and other IP communication protocols. Knowledge of routers, Wireless (802.11x), VPN.Knowledge of DSL standards and industry is a plus.Hands-on experience with Rohde &amp; Schwarz CMU200 / CMW500 a plus.Ability to independently track and resolve issues.Teamwork.  This position requires a close working relationship with the extended team, including engineering, operations, sales, customer support, marketing and program managementMulti-tasker.  Experience working in a start-up environment.Good communication skills, both written and verbal.Fluency in Mandarin is a plus.","Broad responsibility, autonomy and visibility in an Engineering role.In-depth exposure to real-world customer issues across a global customer baseSmall-company feel in a growth environmentOpportunity for executive advancementVery competitive compensation packageBonus ProgramFull benefits packageAttractive retirement programReputable world-class leadershipSignificant stake in equity, stock optionsQualified candidates are encouraged to apply directly to this job posting.  Direct email and phone calls are not being considered.  Thank you for your cooperation.  Please no recruiters.  ",Full-time,Mid-Senior level,Bachelor's Degree,Computer Networking,Engineering
1,0,FN,2644,345,0,1,Data Entry Clerk,"DRS Technologies is a leading supplier of integrated products, services and support to military forces, intelligence agencies and prime contractors worldwide. Focused on defense technology, the Company develops, manufactures and supports a broad range of systems for mission critical and military sustainment requirements, as well as homeland security. The Company has been recognized as one of the fastest growing defense technology companies in the world and holds leading market positions in thermal imaging devices, combat display workstations, electronic sensor systems, power systems, rugged computer systems, air combat training systems, mission recorders, deployable flight incident recorders, environmental control systems, telecommunication systems, aircraft loaders, military trailers and shelters, and integrated logistics and support services. DRS strives to provide quality products and services and stand behind them, to invest in research and development and new market opportunities, and to leverage existing core defense programs and business areas.","DRS Technologies is committed to recruiting and retaining the best talent in the defense and aerospace industry and niche commercial technology areas. We offer an exciting and challenging work environment, a competitive salary and benefits package, and a business culture that rewards performance. DRS Technologies is seeking for administrative and executive assistants to receptionists, data entry clerks, and customer service representatives.In the Data Entry Clerk role, you must be able to multitask and pay exceptional attention to details. We are seeking a dedicated individual with excellent customer service and communication skills. You must be able to work independently, learn quickly, and exercise sound judgment. RESPONSIBILITIESPerforms a wide variety of activities, which may include one or more of the following:-Processing invoices and data entry-Matches and distributes A/P checks-General Ledger Entries -Bank reconciliation -Handling Transactions-Maintain reports in Excel-Inputting information from a variety of sources-Clerical duties-Data entry skills + 10 key helpful","Minimum of High School DiplomaSelf-starterResponsible &amp; dependable with good prioritization skillsProficient in Microsoft Word, Excel and OutlookProficient with QuickBooks and/or other Accounting softwareUnderstanding of customer service protocolsStrong phone presenceGeneral Math SkillsThoroughness and attention to detail","Benefits include:Medical, Rx, and Wellness Benefits.Dental and Vision Plan Options.Short-term Disability.401(k) Retirement Plan.Holiday Pay.",Full-time,Entry level,High School or equivalent,Unknown,Data Analyst
1,0,FN,5940,645,1,0, Sr. Process Engineer,"Maynard Consulting Company has more than 20 years experience in the biotechnology, pharmaceutical, medical device, chemical, and validation engineering fields. In addition, we have over 10 years in project management, software engineering, telecommunication, testing, and networking engineering.  MCC partners with skilled candidates to meet and exceed their career expectations.","The Production Department is responsible for the production of sterile injectable mixtures, inhaled products (MDI, pMDI, DPI, and nasal), and other formulations compatible/accessible with the production equipment available at the Client’s Morrisville site.  This includes maintenance, setup, operation, changeover, and routine maintenance of automated and manual production equipment.  The Production Department executes, completes, and reviews all associated master batch record documentation; creates and reviews standard operating procedures; creates manufacturing metrics documentation and assists with process development and validation studies.The position is a manufacturing core team leader supporting the commercial manufacturing process and equipment expansion, as well as ongoing operations.   This position will be responsible for all technical and operational elements of the new commercial inhalation manufacturing process including:   process engineering and troubleshooting, process and product improvement, equipment selection and usage, capacity utilization improvement, lean process design, ensuring delivery to customer specifications and timelines, and customer, supplier and communications.   This technical leadership role will work to deliver customer satisfaction and, with the cross functional core team, will deliver the product on time, with high quality, and at the correct cost.  This position works closely with all site organizations and with the customer. ","III.  Specific Duties, Activities, and Responsibilities    1.Utilize Six Sigma and Lean to integrate new products into the #URL_00b313472b1dbc555b53b09bbbb9a17586c439aa6221bea0083a8051328c70af# activities and project deliverables across operations and #URL_3d5ffea8b80e04b18d46576a7e1a73492b4049108815e69e1353f2d993f6fc24#.Develop and drive production processes to meet customer #URL_860ff9c461988685b2bca88d05f5654d55a5e8f6142abf7674b00c2c51921a39#.Assemble, facilitate and participate in cross functional #URL_292226f934a2786220c9e0f172399f5fe5bd5dfe9516390206ce5f41ae843dc4#.Process troubleshooting and #URL_e27faff18b1e9d11b5f67ad1a2447b962faf17fc57f07a6bd3e0ea09caba9cfe# critical dependencies and risks; develop risk mitigation #URL_847764da9202d8b7368a1ef77ea0a031ea7bb340ba7f55030b59066b32c0e289# EH&amp;S in all design and process #URL_d00b7d42e37df402c74e8d7ae7997a6a9880754448ffaf318d1fd23e8c18ad67# and implement project performance tracking and reporting tools9. Define critical process parameters, operational ranges and acceptance for quality assurance and process validation #URL_486d0cb62c512e5b1b0584a51c7e36e8e3086453060d0d58f37b0c5e6689bf41# and coordinate activities of manufacturing personnel to ensure projects progress is on schedule and within #URL_bdf1faf8665248938b3a3660ed089b74f59e5abc51ea37a9b805a60dc14c3422# group is compliant w/ all regulatory #URL_ee60403e74001e9c2472732c4fbbfbefe7de83034a834617f088162362c53d62# and resolve technical and/or program #URL_e3bf066ab57c5935885cb5659a1bea28b40dc28e37e1ebe9f7f2f7aba6cefcc4# effectiveness of the Quality System, be prepared for internal, external and customer audits at all #URL_3693cb2067e627a35f7d64f3e1c7249e06c9577a47f913362953817b6520d541# performance and development of team #URL_9fb541e573af32ad59748bd9499933e59fcd4451860afb458a67baa0715590ad# other duties as assigned.    Education and Experience:   Bachelor of Science in Science/Operations Management/Engineering or relevant discipline required with 10 years experience in pharmaceutical operations.Leadership experience with production employees.Experience with inhalation (MDI/DPI) manufacturing a plus.Program management expertiseKnowledge of change control and process validation is required.Experience with inhalation manufacturing technology, processes and packaging.Experience working in a cGMP controlled environment.Excellent communication and documentation skills.Six Sigma / Lean Manufacturing / Professional Project Management skills a plus.Ability to assess risks (program, technical, sterility) and take appropriate corrective actions.  Technical customer interaction Knowledge, Skills and Abilities:   Ability to handle multiple tasks and work in a highly matrixed environmentStrong problem solving and analytical skills in a process / manufacturing-based environmentUnderstanding of statistical process control and improvement methodologies.High level of attention to detail and excellent documentation skills.Ability to work on a cross functional team to achieve a common objective.Strong communication skills; both written and oral.Motivational skills, ability to lead past obstacles and creatively solve problems.A full complement of business computer literacy skills (e.g., word processing, spreadsheets, database software etc.) is preferred.Must possess appropriate broad communication skills allowing direct interaction with production employees, outside suppliers, internal stakeholders, and customers.Should be familiar with cGMP or be able to quickly learn and apply cGMP principals and must be able to design safe work practices.Demonstrate a willingness to share skills and information with others.Blend knowledge and analysis with logic, active listening, and a continuing interest in simplification.  Act ethically.Demonstrate a bias toward action.  Get things done.  Be willing to take a position, and assert influence to drive improvement.  Foster teamwork to get results.Demonstrated ability to read, write, and speak clear English.#URL_7e94b9dc45c2319c1dffe1d1646563b8cf079c66d210b9bb860f4f51783ffb03# ",,Contract,Mid-Senior level,Bachelor's Degree,Biotechnology,Engineering
1,0,FN,2269,322,1,0,Quant Analyst ,,"Our client is an award winning High-Frequency Prop. Trading firm specializing in trading Fixed Income, Equity, and oil options looking for an experience Quant.  They're based in the city, and they're looking for a  Quant Analyst with a very strong academic background and 2-5 years of experience to join their team. The position reports to the Head of Financial Engineering and you would be working with other Quants in the team.","The Quant Analyst would be responsible for: Statistical analysis of historic &amp; realtime data Define &amp; identify data of value to our client's businesses. Add statistical understanding to the data-mining process, drawing out trends &amp; strategies for arbitrage, prop &amp; sales trading. Working closely with software development to bring data and data-analysis to the front-office risk &amp; trading system. Gain a strong understanding of derivatives theory and its application within the context of our client's business models. Understand the implementations of specific maths functions eg. Vol and pricing modes, Greeks, Risk Analyses.  Contribute to the Financial Engineering Support role and eventually provide the primary support resourceQuantitative Skills Develop programming expertise using C++ within a Unix/Linux environmentContribute to the development of new mathematical implementations to further enhance our competitive edge in the market placeSkills Set and ExperienceExperience working on the statistical analysis of large datasets Numerical degree - eg. Maths, Engineering, Physics, numerical Science or related Basic codingStrong personality fit within the company culture.Ability and desire to work directlyExperience working as a Quant in a financial trading companyExperience working with with Traders and Software Developers. Desire to work directly on the support and development of mathematical implementations within the context of our client's trading businesses.  Experience using statistical analysis in a financial market environment. Coding in single threaded or multi-threaded environments - eg. VB/VBA, Java, C#, C++Ideal candidates will have experience coding in C++ Unix/Linux experience.","Excellent bonus potential, up to double the basic depending on personal and company performance",Full-time,Associate,Doctorate,Banking,Engineering
1,0,FN,2137,265,2,5,Subsea Pipeline Engineer,," Ability to make decisions and recommendations that are recognized as authoritative and have an important impact on extensive engineering activities.Ability to initiate and maintains extensive contacts with key engineers and officials of other organizations and companies, requiring skill in persuasion and negotiation of critical issues.Demonstrable creativity, foresight, and mature engineering judgment in anticipating and solving unprecedented engineering problems, determining program objectives and requirements, organizing programs and projects, and developing standards and guides for diverse engineering activities.Periodically serves as mentor or coach to younger staff enabling them to achieve their professional goals.Occasionally involved in recruitment to meet resource requirements.Interfaces closely with Clients and works to develop INTECSEA.Plays a central role in bid preparation and resource estimating.Anticipates and resolves staffing requirements and schedule constraints.Establishes deadlines, milestones, and man-hour estimates.Works closely with Client staff to ensure alignment of approach and objectives.","Desired Skills &amp; Experience:Ability to lead at all levels within the organization.Proven track record of exceeding performance metrics.Job RequirementsTechnical Requirements:Subsea pipeline background that involves piping stress analysis using a program like OffPipe.Ability to travel offshore during construction phase, 10% of the time maybe lessMust be able to demonstrate full project management capabilities, survey, permitting in the GOM, design, procurement, contracts, field construction, cost.Plan, schedule and conduct Engineering during; Conceptual, Pre-FEED, FEED, Detailed Design and Installation phases.Provide technical expertise to your team and our clients.Education &amp; Experience:Bachelors of Science in Mechanical Engineering or related field + 10 years relevant experience.20 years relevant experience in lieu of degree.QHSE Requirements:Learns &amp; actively promotes the INTECSEA EMS and HSE in accordance with the HSE Guideline for INTECSEA Personnel.",,Unknown,Unknown,Unknown,Unknown,Unknown
1,0,FN,4040,525,0,0,Market Operations Manager ,"The Accion  story began more than 100 years ago in the Austin,Tx with one family owned establishment. Today, Accion  has grown into a nationwide Organazation with over 260 stores. Accion success is attributed to our unique niche in the market offering current   finance option at competitive prices paired with customer service and a personal shopping experience. Join the Accion story today!","ExemptSHIFT WORKEDMonday-Sundays, Days, NightsSALARY$65,000 starting salary; ramping up as stores open in market.  Bi-annual performance bonus opportunity.  POSITION OVERVIEWManages the overall operation of their home store and exercises discretion while doing so.  Ensures company standards are met and ensures store Associates comply with policies and procedures.  Develops and ensures compliance with Corporate Store policies and procedures.  Upholds and executes the vision and mission of Yogurtland.  Assists the ROM by overseeing and helping Store Managers resolve operational issues for two or more stores in their area.  CULTURAL QUALIFICATIONSHumble – We are modest, respectful, open and never arrogant, despite our successes.  We grow by giving and accepting honest feedback, even when it is personally challenging.Teamwork – We work collaboratively by capitalizing on the strengths of every member of our team and collectively own both our successes and our shortcomings.Passionate – We love what we do, reach for the best, and strive to positively impact the lives of our guests, colleagues, franchisees, and vendors.Innovative – With an open mind and fresh ideas with are continuously evolving and creating new possibilities in our products, the way we do business, and our interactions with others.THTK: Totally Honest – Totally Kind - We work and live with great integrity, accountability, and compassion.  KEY METRICSSuccessful opening of new stores.Same Store Sales Increase.Food Cost.Labor Cost.Net Profit.  ESSENTIAL JOB FUNCTIONSCash Handling (bank deposits, safe deposits, etc.) is accountable for all funds.Scheduling of Associates effectively and efficiently.Controls store operational cost (food, labor, etc.).Maintain adequate inventory levels.Ensures all Associates adhere to all company standards, policies and procedures.Coordinates and communicates assignments throughout shift.Coordinates training, coaching and development of newly hired Associates.Ensures all Associates adhere to meal and break periods.Taste product to ensure quality standards are met.Is the “role-model” for outstanding customer service and Associate standards.Ensures cleanliness, health, security and safety standards are maintained at all times.Maintains building, machines and store operating equipment and schedules preventive maintenance.Conducts Associate meetings as needed.Maintains and creates reports and records based company standards and in compliance of local, state and federal regulations.Maintains a cooperative and interactive relationship with the YLSC.Provides counseling, coaching, discipline and mentoring to Associates as warranted.Other job-related activities as requested.Assists/teaches assigned Store Managers with the above. CORE COMPETENCIESAbility to exercise mature judgment and reasoning.Ability to problem solve quickly and effectively.Effective customer service skills delivered with a friendly disposition.Ability to communicate clearly and concisely.Ability to actively listen and address Associates’ concerns, comments and/or issues.Ability to lead others in always upholding company standards.Knowledge of staffing, scheduling and inventory processes.Internally motivated and ability to motivate others.Ability to act independently and effectively.Knowledge of organizational and planning skills.Knowledge of team-building, leadership, coaching and mentoring skills.                                                              ",OTHER REQUIREMENTS (LICENSES/CERTIFICATIONS)Previous management experience.4-year college degree or 8 years hospitality experience.Proficient with MS Office Word and Excel programs. afe or equivalent certification.,ALL BENEFITS,Full-time,Mid-Senior level,Some College Coursework Completed,Management Consulting,Finance
1,0,FN,189,20,3,2,CSR,,Now hiring CSR / Advertising representatives to work from homeMust Have:Customer Service RepresentativeComputerInternetPhoneFor more information call (985) 250-0381Interview Immediately ,,,Part-time,Entry level,Unknown,Online Media,Unknown
1,0,FN,1876,247,1,1,Entry Level Medical Transcriptionist,,"We need a Medical Transcriptionist who will transcribe reports recorded by physicians and other healthcare practitioners. The types of documents include items such as, letters, chart notes and reports. You will work from home via a virtual project management site. You will be transcribing audio recordings into printed reports. These recordings, dictated by physicians or other healthcare professionals, become part of permanent written records by way of your transcription services. Additional responsibilities of the role include: Transcribing dictation for a variety of reports, including:Patient historiesPhysical examinationsEmergency room visitsOperationsChart reviewsConsultationsDischarge summariesTranslating medical jargon and abbreviations into their expanded formsEnsuring the accuracy of patient and health care facility recordsEditing as necessary and returning reports in electronic form for reviewCompleting work on time, within a 24 hour time frame","Transcribing dictation for a variety of reports, including:Patient historiesPhysical examinationsEmergency room visitsOperationsChart reviewsConsultationsDischarge summariesTranslating medical jargon and abbreviations into their expanded formsEnsuring the accuracy of patient and health care facility recordsEditing as necessary and returning reports in electronic form for reviewCompleting work on time, within a 24 hour time frame",Other benefits of the Transcriber position include: Work at home and at your own paceYou make your own scheduleAbility to work day or night depending on your preferenceHigh demand in several industries for transcribersAbility to spend more time with your familyAvoid expenses such as daycareSave money on gas and business office attireLess wear and tear on your vehicle lowers your auto insuranceFlexibility and freedom to manage yourself!,Full-time,Entry level,High School or equivalent,Medical Practice,Unknown
1,0,FN,568,89,2,0,Intern Development Assistant,,We Are Looking for college interns with the passion to be in the entertainment industry. Industry Mogul Alander Pulliam has put together a youth and motivated program for college students throughout the Los Angeles market. To help college students enrich there knowledge and there experience.,"You will be working alongside of the Producers and writers, helping and developing shows to put onto the programming for the network, you are required to have a high school diploma, preferabbly a Bachelors Degree, at least one year of experience.",,Other,Internship,High School or equivalent,Entertainment,Business Development
1,0,FN,3667,490,0,0,Human Resource Director,"As the industry’s largest supply contracting company, Novation serves the purchasing needs of more than 65,000 VHA, UHC and Provista member organizations and their affilliates. Novation delivers unmatched supply savings and value through its sourcing services, as well as information and data services. Through its affiliation with VHA, UHC and Provista, Novation represents the largest purchasing volume in the industry more than $40 billion in annual purchases.To help our alliance members meet the needs of their communities, our mission is to deliver to them unmatched savings and value. One of the ways we deliver on our mission is by facilitating the introduction of products and services that are designed to help members drive sustainable results, improve quality and reduce costs.","HR responsibilities for assigned client groups in the traditional ares of human resources (ie., employee relations, HRIS, LMS, training, employee development, performance management, etc.) Develops and builds strong relationships with company leadership, management and employees and work at a both tactical and strategic level to develop, implement and manage human resources policies &amp; procedures at work. RESPONSIBILITIES1.     Manages individual employee relations cases and investigations as needed, from incident reporting through final disposition. Ensures that all cases are properly documented and responsible for issuing complete  reports and recommendations to senior management2.     Acts as Human Resources Business Partner and primary HR contact for business unit3.     Primary point of contact for HR-related Alertline issues4.     Develops, implements, and reviews on an ongoing basis HR systems/processes/policies; makes recommendations for improvements to  HR systems/processes/policies.5.     Provide HR input into cross-functional Company initiatives and process/policy development, implementation, and application6.     Consults with managers on performance management, including annual reviews, warnings, and performance improvement #URL_b23ad1cf3ed66a68b1c25a6e73a6fab7a2e63abc108bb9a8cddf1430a715ebe3# with management regarding termination decisions and ensures that all proper corrective action procedures are implemented where appropriate7.     Ensures consistency in the application and enforcement of policies and procedures and compliance with applicable employment laws and regulations.8.     Leads and supports HR Department projects and initiatives. 9.     Provides relevant HR training to managers and employees10.   Presents material as part of the New Hire Orientation. Also serves as a facilitator for New Leader On-Boarding11.   Supervises HRIS and LMS functions and provides strategic guidance regarding HR systems implementation and maintenance."," Minimum of 6 Months corporate Human Resources experience2.     Previous experience in the Pharmaceutical,Dental  or Medical Device Industry is strongly preferred.3.     In-depth experience with HR systems (HRIS, ATS, and LMS) strongly preferred. 4.     Must possess a strong ability to cultivate a “team” atmosphere throughout the organization; minimum of 3 years of experience effectively managing and developing direct reports5.     Experience with all varieties of HR issues with both a strategic and a tactical, hands-on approach6.     Able to effectively work with colleagues and provide expertise with HR issues at all levels  of the organization7.     Able to operate independently, understanding when to escalate issues8.     Must possess excellent verbal, written and oral communication skills. 9.  Strong cross-functional interaction and collaboration with internal partners, e.g. Finance, IT, and Compliance, etc.",ALL BENEFITS,Full-time,Director,High School or equivalent,Human Resources,Human Resources
1,0,FN,2286,333,0,0,Mortgage Customer Service Coordinator (Call Center),"The Accion  story began more than 100 years ago in the Austin,Tx with one family owned establishment. Today, Accion  has grown into a nationwide Organazation with over 260 stores. Accion success is attributed to our unique niche in the market offering current   finance option at competitive prices paired with customer service and a personal shopping experience. Join the Accion story today!","Answer approximately 75 incoming customer calls received thru ACD system daily.  - Provide customers with information requested through verbal or written correspondence and maintain accurate records (i.e. balance statements, documents copies, and account history).  - Direct calls or correspondence to proper departments in event information is not available or requires research  - Take mortgage payments over the phone, respond to inquiries regarding hazard and flood insurance issues and disbursements, respond to inquiries regarding tax issues and disbursements.  - Review and explain escrow disclosure statements (i.e. account shortages and overages).  - Discuss and respond to inquiries regarding loan types and terms (i.e. VA, FHA, Conventional, ARM).  - Maintain and process request for addition/changes/deletion of customer names from account record by ensuring that proper documentation is received and investor guidelines are met  - Respond to the needs of customers who are not satisfied with assistance provided by Customer Service Representative.  - Assist overflow with difficult calls.  - Other duties as assigned.","Basic Qualifications - A Bachelor’s degree, WITH DEGREE AND NO EXPERIENCE IS OK ,  - Proficient with Microsoft Office Preferred Qualifications -  - At least 6 months of mortgage or financial services customer service experience  - At least 6 months of experience working in a high volume and fast paced customer service environment At this time, ACCION will not sponsor a new applicant for employment authorization for this position.  No agencies please.  ACCION is an equal opportunity employer committed to diversity in the workplace. ACCION promotes a drug-free workplace.  Job   Mortgage    Primary Location  United States-Texas-DALLAS-DFW-DALLAS,TX  ( DOWNTOWN DALLAS)          Schedule   Full-time    Travel   No    Job Posting ",ALL FULLTIME BENEFITS,Full-time,Mid-Senior level,Bachelor's Degree,Management Consulting,Customer Service
1,0,FN,1051,147,2,1,Business Development Manager,,"We are currently looking for a client-focused and results-driven Business Development Manager to join our team.Working with market leading products and backed by a strong training and development team, this role focuses on developing you and your team with a suite of products in the education sector. A high level of understanding of current social marketing trends will be important in ensuring you stand out from your peers.This is a challenging role suited to a well-connected and experienced sales professional with a proven track record of instigating growth, develop and achieving targets.This role involves:Opening doors in niche marketsAchieving sales targetsPromoting your unique proposition   To be considered for this attractive opportunity, apply now.","The successful candidate will:Be an enthusiastic, energetic and a      motivated self-starterBe experienced in solution sellingBe able to generate new sales leadsHave excellent communication,      interpersonal and presentation skillsBe experienced in working with team",,Full-time,Unknown,High School or equivalent,Wholesale,Sales
1,0,FN,3895,487,2,0,Customer Service Representative to Enroll People in NO COST Cell Phone Program ,"Join the Your Phone Connect team and earn money while helping your community. The Your Phone Connect network makes no cost cell phones available to low-income families and individuals in Arkansas, Maryland, Missouri and Oklahoma. The service is at no cost and there is nothing the consumer has to purchase upfront. You are NOT a sales person because you are NOT selling anything. These cell phones are apart of a government program that assists those who are low income and in need because NO ONE should be cut off from communication. Get Started today: #URL_c4383cd9ad85a157e25285e45768285f35c3552f6c0b781eff89a8f77d5aa838#","   Normal  0      false  false  false                     MicrosoftInternetExplorer4    /* Style Definitions */ #URL_22932ad710cc8bab5012d10e1dc768a71064c391fef21e0fceddb0e7a66f97b6#{mso-style-name:""Table Normal"";mso-tstyle-rowband-size:0;mso-tstyle-colband-size:0;mso-style-noshow:yes;mso-style-parent:"""";mso-padding-alt:0in 5.4pt 0in 5.4pt;mso-para-margin:0in;mso-para-margin-bottom:.0001pt;mso-pagination:widow-orphan;font-size:10.0pt;font-family:""Times New Roman"";mso-ansi-language:#0400;mso-fareast-language:#0400;mso-bidi-language:#0400;}   Normal  0      false  false  false                     MicrosoftInternetExplorer4   st1\:*{behavior:url(#ieooui) } /* Style Definitions */ #URL_22932ad710cc8bab5012d10e1dc768a71064c391fef21e0fceddb0e7a66f97b6#{mso-style-name:""Table Normal"";mso-tstyle-rowband-size:0;mso-tstyle-colband-size:0;mso-style-noshow:yes;mso-style-parent:"""";mso-padding-alt:0in 5.4pt 0in 5.4pt;mso-para-margin:0in;mso-para-margin-bottom:.0001pt;mso-pagination:widow-orphan;font-size:10.0pt;font-family:""Times New Roman"";mso-ansi-language:#0400;mso-fareast-language:#0400;mso-bidi-language:#0400;}Get PAID to Enroll People in NO COST Cell Phone Program - GREAT PAY (#URL_b44e4a519ab16b17811548569d2d9ccc667298db09d8a524b06126a306c0906f#) Your Phone Connect is a Lifeline cell phone service affiliate, hiring go getters that are interested in becoming an authorized agent and earn money enrolling low income households to receive NO COST wireless phones and service. The service is at no cost and there is nothing the consumer has to purchase upfront. You are NOT a sales person because you are NOT selling anything. These cell phones are a part of a government program that assists those who are low income and in need because NO ONE should be cut off from communication. Your customers only need to fill out a short online enrollment process. Then they upload a copy of their ID and proof of eligibility, and that completes the online application. The process is that simple! This is a lucrative opportunity for the phone agents because often the demand is so high for these cell phones that the lines to receive them wrap around corners.Responsibilities: • We are looking for people with great people skills as you will be dealing with clients directly. You can set your own schedule, but must be able to work a minimum of 25 hours per week. You also must have reliable transportation. You will be taking applications from potential clients and then imputing the information into the company database via online. You must be computer literate.Requirements: • MUST Work a minimum of 25 hours per week • MUST have a tablet, iPad, high resolution camera phone or a laptop with webcam to perform this job (mobile WiFi or ability to tether tablet, iPad, or laptop to phone is also needed). • MUST have reliable transportation. • MUST be at least 18 years of age • MUST be dedicated, self motivated, resourceful and dependable.Bonus Points: • Set Your Own Hours • Opportunity for Performance BonusesHow to Apply: For More Details and To complete your online submission you must go to: #URL_c4383cd9ad85a157e25285e45768285f35c3552f6c0b781eff89a8f77d5aa838# ***This is a Commission based position with the opportunity for performance bonuses.",,,Contract,Not Applicable,Unspecified,Telecommunications,Customer Service
1,0,FN,3806,545,0,0,Hotel Workers Needed,"Hotel Verta, a luxury boutique hotel located on the River Thames, is the smart choice for an truly memorable London stay. Offering all the facilities you would expect from a deluxe Central London hotel, but located just outside the hustle and bustle of the city centre means we can offer so much more for so much less. Relax in our exceptionally spacious rooms, indulge in our award winning Spa, or just simply unwind with a glass of wine on our terrace and watch the sun set over the River Thames. If you are looking for a meeting venue or somewhere to hold a special event, our event spaces with floor to ceiling windows maximise natural light and offer stunning views of the River Thames, a rarity in London.Easily accessible, located just outside the congestion zone with ample onsite parking , and with complimentary shuttle services to Sloane Square and Clapham Junction Station with trains every few minutes take you to the heart of London in under 10 minutes, Hotel Verta is the hidden gem that enables you to save on rate without compromising on luxury on your stay in London.","Ref: HOVER-ORC-B55UK07-14Hotel Verta, a luxury boutique hotel located on the River Thames, is the smart choice for an truly memorable London stay. Offering all the facilities you would expect from a deluxe Central London hotel, but located just outside the hustle and bustle of the city centre means we can offer so much more for so much less.Easily accessible, located just outside the congestion zone with ample onsite parking, and Hotel Verta is the hidden gem that enables you to save on rate without compromising on luxury on your stay in London.As part of our expansion activities, we welcome applications from suitably qualified candidates for a possible job placement here at the Hotel Verta. We currently seek candidates with initiatives who takes pride in their work and with prior experience. Opportunities exist across all areas of the hotel.Reception Manager, Restaurant &amp; Bar Manager, Entertainment Manager, Operations Manager, Sales/Marketing Manager, Account &amp; Finance Manager, Food &amp; Catering Manager, Casino Manager, Business Analyst, Human Resources Assistant, Guest Relations (Host), Secretary, Office Assistant, Receptionist, Front Desk Attendant, Account/Finance Officer, Sales/Marketing Officer, Cashier, Computer Operator, Internet Expert, System Administrator, Bartender, Barman, Chefs (Chef de Partie, Commis Chef &amp; Sous Chef), Banquet Coordinator, Medical Officer(Nurse/Doctor), Language Translator/Interpreter, Safety Officer, Spa (Receptionist, Therapist &amp; Manager), Beauty Therapist, Cafe Attendant, Events Sales Coordinator, Security Supervisor, Security Officer, Housekeeping Supervisor, Head Housekeeper, Maintenance Technician (Electrical &amp; Mechanical), Maintenance Assistant, Conference &amp; Event Planner, Food &amp; Beverage Supervisor, Room Attendant, Lobby Executive &amp; Assistant, Store Keeper, DriverJOB TYPE: PermanentJOB STATUS: Full TimeJOB LOCATION: London, United Kingdom","Relocation EligibleDegree/Certification holder would be an added advantage.Minimum One (1) year working experience preferred.Computer skills (Microsoft Office - Excel and Word) would be an added advantage.Self-motivated and relationship-building abilities with co-workers.Goal-oriented with the ability to multi-task under pressure in fast-paced work environment.Hardworking, dynamic and positive.","SALARY AND BENEFITS: An attractive salary package depending on job position and level of experience will be offered to successful candidates. Competitive rates of pay, paid leave period and holidays, plus our company benefits which includes Employee Assistance Program (EAP), Pension Plan, Tuition Assistance, Health Insurance and Low Scheme Accommodation.",Full-time,Not Applicable,High School or equivalent,Hospitality,Customer Service
1,0,FN,2349,320,1,0,Accountant,"Bright Edge and Aptitude Staffing Solutions have partnered up in an effort to streamline the hiring process and provide a more efficient and effective recruitng model.  Our focus is to help develop and achieve your career goals while makeing a solid geographical, cultural and professional fiit when leveraging your career into your new and exciting professional venture!BrightEdge today is over 180 employees strong, and continuously growing. BrightEdge has over 8400 brands and 650 direct customers, and has lead the market in SEO innovation. The new headquarters reflect BrightEdge's growth and the maturity of the company, with a sleek and modern space in the heart of Silicon Valley.Stay tuned, as BrightEdge's story is only beginning. ","We are an innovative and fast growing internet technology company looking to add to our accounting team.  The Accountant will be responsible for maintaining various general ledger accounts as well as preparing and posting monthly journal entries. Additionally, this position requires someone to be familiar with analyzing the general ledger and financial statements.Responsibilities Prepare, record and analyze asset, liability, revenue, and expense entries and ensure accurate reporting on assigned accountsPerform account analysis and reconciliation on various general ledger accounts, including necessary follow up and adjustments.Resolve accounting discrepancies and irregularitiesReconcile monthly bank statements and monitor cash flowEnsure financial records are maintained in compliance with accepted policies and proceduresEnsure all financial reporting deadlines are metAssist with preparing tax returns and corporate reporting requirementsAssist with month end close.Assist with interim and annual audits to provide requested information.Assist in the preparation and filing of annual 1099Assist with ad hoc projects as requested.","Requirements BA degree in accounting or finance3-5 years accounting experience Experience with SAAS based ERP systems like Netsuite, Intaact, WKDY preferredStrong computer skills particularly ExcelExcellent customer service, communication, and interpersonal skillsOrganized, manages time well, and can handle multiple tasks at one timeAttention to detail, data integrity, and accuracyAbility to work with limited supervisionSelf-motivated and a quick learner",,Full-time,Associate,Bachelor's Degree,Accounting,Accounting/Auditing
1,0,FN,1018,140,2,5,Customer Assistant,,Job Description: We are looking for customer assistants who will work in our company. They should have at least 2 years experience in the post. It also provides training (2 weeks with paid wages). Now we have the opportunity to obtain contracts. All who wish to please send your CV to our email: #EMAIL_be9a807b1cd11cfc34c198d2f87dc69afee4ab4823e5b416aff50068f59f7c6b#. You will contact one of our managers.,"Skills/Qualifications:- Post-secondary education is required- Present yourself and conduct yourself to the highest professional standards.- Previous experience (2+ years) in Customer Service is required- Previous experience in a business-to-business environment is required.- Be diligent, execution oriented, and Results-oriented with a high energy level and positive attitude.- Have a strong sense of ownership and a healthy dislike of disorder- Perfect fluency in English is required. Additional languages are helpful.- Excellent communication skills, both written and verbal, are required",,Unknown,Unknown,Unknown,Unknown,Unknown
1,0,FN,1335,176,1,5,"Engineering Senior Supervisor, Livonia, MI",,"Responsible for leading a small team of engineers focused on the design and development of A-surface (in mold decorative, paint laser and etch) design and development projects. Provide technical expertise on surface decorating industry trends, customer styling and how it applies to products. Participate in customer presentations and design reviews. Manage technical materials requests. Propose materials (resins and lubricants) for BCS applications and set up of global surface, resin, and lubrication specifications. Evaluate applications for cost effective polymers and additives. Support the Global VAVE team in identifying alternate cost effective material recommendations. Consult with resin suppliers for VAVE alternatives. Research cost effective resins supplier’s for their automotive approvals and assist with information for approval of resins.","Bachelor degree in Engineering required. Chemical Engineering preferred. Minimum 10 years of related work experience. Prior supervisory experience required. Knowledgeable of Resins, Lubricants, In Mold Decorating, Paint Laser and Etch manufacturing processes, surface decorating industry trends, and customer styling. Must have excellent verbal and written communication skills. Willing to travel approximately 20% of time.",Salary:100K,Unknown,Unknown,Unknown,Unknown,Unknown
